<?xml version="1.0" encoding="UTF-8"?>
<!-- $Id: sablona-bp.xml,v 1.3 2006/04/22 09:47:36 jkj Exp $ -->
<!DOCTYPE book PUBLIC "-//OASIS//DTD DocBook XML V4.3//EN" "http://www.oasis-open.org/docbook/xml/4.3/docbookx.dtd">
<book lang="sk">
    <bookinfo>
	    <author>
			<firstname>Stanislav</firstname>
			<surname>Vnenčák</surname>
			<affiliation>
				<orgname>Slovenská technická univerzita v Bratislave</orgname>
				<orgdiv role="fakulta">Fakulta informatiky a informačných technológií</orgdiv>
			</affiliation>
		</author>
		<title>Podobnosť zdrojových kódov</title>
		<subtitle>Bakalárska práca</subtitle>
		<othername role="veduci">doc. Mgr. Daniela Chudá, PhD.</othername>
		<pubdate>december 2016</pubdate>		
    <abstract>
        <title>Anotácia</title>
		<mypara>
			Slovenská technická univerzita v Bratislave <sbr/>
			FAKULTA INFORMATIKY A INFORMAČNÝCH TECHNOLÓGIÍ
		</mypara>
		<gap/>
		<mypara>
			Študijný program: Informatika <sbr/>
			Autor: Stanislav Vnenčák <sbr/> 
			Bakalárska práca: Podobnosť zdrojových kódov <sbr/>
			Vedúci bakalárskej práce: doc. Mgr. Daniela Chudá, PhD. <sbr/>
		</mypara>
		<gap/>
		<mypara>
			December 2016
		</mypara>
		<gap/>
		<mypara>
			Bakalárska práca sa zameriava na problém detegovania podobnosti zdrojových kódov. Vyhodnotenie podobnosti 
			zdrojových kódov je možné uskutočniť automatizovane a výsledok podobnosti je možné využiť rôznymi spôsobmi. 
			V tejto práci sú analyzované možnosti využitia podobnosti zdrojových kódov pri detekcii plagiarizmu v zdrojových 
			kódoch, určovaní znovupoužiteľnosti a kvality programového kódu. Hlavným cieľom tejto práce je analyzovanie 
			existujúcich riešení na detekciu podobnosti zdrojových kódov a vytvorenie automatizovaného systému na detekciu 
			podobnosti a plagiarizmu v zdrojových kódoch.
		</mypara>
		<gap/>
		<mypara>
			Kľúčové slová: <sbr/>
			zdrojový kód, podobnosť, detekcia, plagiarizmus, znovupoužiteľnosť, kvalita, antiplagiátorský systém
		</mypara>
    </abstract>
    <abstract lang="en">
        <title>Annotation</title>
		<mypara>
			Slovak University of Technology in Bratislava <sbr/>
			FACULTY OF INFORMATICS AND INFORMATION TECHNOLOGIES
		</mypara>
		<gap/>
		<mypara>
			Degree course: Informatics <sbr/> 
			Author: Stanislav Vnenčák <sbr/> 
			Bachelor thesis: Similarity in source codes <sbr/> 
			Supervisor: doc. Mgr. Daniela Chudá, PhD.
		</mypara>
		<gap/>
		<mypara>
			December 2016
		</mypara>
		<gap/>
		<mypara>
			This bachelor thesis focuses on a problem of detecting source codes similarities. Source code similarity evaluation 
			can be processed automatically and the result can be used in many ways. In this paper, we analysed the possibilities 
			of using the result of source code comparison to determine source code plagiarism and source code reusability and 
			quality. The main objective of this work is to analyse existing solutions for detecting source codes similarities 
			and then to create an automated system for detecting source codes similarities and source code plagiarism.
		</mypara>
		<gap/>
		<mypara>
			Keywords: <sbr/>
			source code, similarity, detection, plagiarism, reusability, quality, antiplagiarism system
		</mypara>
    </abstract>
	<abstract>
        <title>Čestné prehlásenie</title>
        <mypara>
			Čestne prehlasujem, že som výsledky prezentované v tejto bakalárskej práci vypracoval samostatne, pod 
			odborným dohľadom vedúcej mojej bakalárskej práce, pani doc. Mgr. Daniely Chudej, PhD., spolu s využitím uvedenej 
			literatúry.
		</mypara>
        <?vskip 70pt?>
        <para>Bratislava, 14.12.2016</para>
        <?vskip 10pt?>
        <mypara>
            <?hskip 300pt?>
            Stanislav Vnenčák
        </mypara>
    </abstract>
    <abstract>
        <title>Poďakovanie</title>
        <mypara>
			V tejto časti by som sa chcel poďakovať vedúcej mojej bakalárskej práce pani doc. Mgr. Daniele Chudej, PhD., 
			za odbornú pomoc, praktické rady a skupinové, ako aj individuálne konzultácie, ktoré mi boli poskytnuté a pomohli 
			mi pri vypracovávaní mojej bakalárskej práce.
		</mypara>
    </abstract>
   </bookinfo>
   
	<chapter id="chUvod">
		<title>Úvod</title>
		<para>
			Využívanie informačných technológií je v súčasnosti veľmi populárne najmä vďaka tomu, že nám dokážu uľahčiť prácu 
			v mnohých oblastiach, Či už je to v pracovnej, súkromnej alebo školskej sfére. Využívanie informačných technológií však 
			so sebou prináša okrem množstva výhod aj obrovské nevýhody a riziká, a to najmä vo sférach, kde je úspech jednotlivca 
			podmienený tvorivým prístup každého z nás.
		</para>
		<para>
			Nevýhodami veľkého rozšírenia informačných technológií je zneužívanie množstva informácií vo vlastný prospech 
			nekalým spôsobom. Nami postavené ciele nie sme častokrát schopní dosiahnuť bez cudzej pomoci, a tak sa stávame otrokmi 
			vlastnej lenivosti, neschopnosti, demotivácie – dopúšťame sa plagiarizmu. Výsledky cudzej práce prezentujeme za svoje aj 
			napriek tomu, že nepochádzajú z našej hlavy. S týmto problémom v súčasnosti bojujeme najmä v školskom prostredí, v ktorom 
			prítomnosť plagiarizmu ide na úkor získaných vedomostí. Aby sa zabránilo takémuto konaniu, snažíme sa hľadať spôsoby, 
			ako študentov od tohto konania odradiť. Jedným z riešení je tvorba antiplagiátorských systémov, ktoré pomáhajú takéto 
			konanie odhaľovať a študentov disciplinárne postihovať. V snahe o zahladenie takéhoto konania však stále vznikajú nové 
			techniky, akými sa snažia plagiátori takéto nekalé konanie zahladiť, odhaľovanie plagiarizmu sa tak stáva čoraz ťažším.
		</para>
		<para>
			Využitie informačných technológií prináša však aj svoje svetlé stránky. Vzhľadom na obrovské množstvo informácií 
			postupne strácame schopnosť orientovať sa v mnohých oblastiach. Pri tvorbe rozsiahlych informačných systémov sa častokrát
			stáva, že sa človek stratí vo vlastnej práci, a nedokáže si tak zachovať komplexný pohľad na celý systém. Tu však 
			prichádzajú na pomoc informačné technológie, ktoré mu dokážu napomôcť rôznymi spôsobmi, napríklad priamo pri písaní 
			programového kódu.
		</para>
		<para>
			V tejto bakalárskej práci sa tak venujeme problematike odhaľovania podobnosti zdrojových kódov, od ktorej sa odvíja
			problém detekcie plagiarizmu a určovania znovupoužiteľnosti a kvality programových kódov. Kladieme si za cieľ navrhnúť a 
			implementovať automatizovaný systém na detekciu podobnosti zdrojových kódov, ktorý bude možné využiť pri detekcii 
			plagiarizmu a určení znovupoužiteľnosti a kvality programového kódu. 
		</para>
		<para>
			V úvodnej časti 1 Podobnosť zdrojových kódov sa tak venujeme problematike podobnosti zdrojových kódov, kde sa 
			bližšie zaoberáme možnosťami využitia detekcie podobnosti pri detekcii plagiarizmu a určení znovupoužiteľnosti <indexterm><primary>Znovupoužiteľnosť</primary></indexterm> a kvality 
			programového kódu.
		</para>
		<para>
			V časti <xref linkend="chProcesDetekciePlagiarizmu"/> sa zaoberáme procesom detekcie plagiarizmu, ktorým sa vo všeobecnosti riadime 
			pri odhaľovaní plagiarizmu v zdrojových kódoch. Definujeme tu problémovú časť detekcie podobnosti, ktorej sa pri návrhu 
			nášho riešenia budeme primárne venovať.
		</para>
		<para>
			V časti <xref linkend="chDetekciaPodobnostiVZdrojovychKodoch"/> sa venujeme bližšiemu skúmaniu existujúcich prístupov k detekcii 
			podobnosti v zdrojových kódoch, procesu tokenizácie, ako základnému spôsobu predspracovania zdrojových kódov, a technikám 
			využívaných pri určovaní podobnosti tokenizovaných zdrojových kódov.
		</para>
		<para>
			Časť 4 Analýza súčasného stavu  je venovaná analýze súčasného stavu v oblasti zisťovania podobnosti v zdrojových 
			kódoch. Skúmame tu dostupné antiplagiátorské systémy a  možnosti ich používania. Táto časť taktiež obsahuje testovanie 
			úspešnosti antiplagiátorských systémov pri odhaľovaní podobnosti v zdrojových kódoch a zhodnotenie tohto testovania.
		</para>
		<para>
			Ciele práce a výskumné hypotézy sme zhrnuli v časti 5 Ciele práce a výskumné hypotézy. Identifikujeme tu hlavné ciele 
			tejto bakalárskej práce, ktoré zahŕňajú návrh, implementáciu a overenie vytvoreného návrhu automatizovaného systému na 
			detekciu podobnosti v zdrojových kódoch. Sú tu uvedené hypotézy, ktoré vyplynuli z analýzy spracovávanej problematiky a 
			budú predmetom nášho ďalšieho skúmania.
		</para>
		<para>
			Na záver sme zhrnuli všetky dôležité poznatky a dosiahnuté výsledky, ku ktorým sme dospeli pri vypracovávaní tejto 
			časti bakalárskej práce (uvedené v časti <xref linkend="chZaver"/>).
		</para>        
    </chapter>
	<chapter id="chProcesDetekciePlagiarizmu">
		<title>Proces detekcie plagiarizmu</title>
		<para><indexterm><primary>Proces detekcie plagiarizmu</primary></indexterm>
			Ako sme už spomínali vyššie, proces detekcie plagiarizmu sa skladá z viacerých fáz. Pre úspešné detegovania plagiátov 
			je potrebné dodržať istú metodológiu, nakoľko sa môže stať, že aj programy, ktoré nie sú výsledkom práce plagiátora, 
			môžu byť na základe výsledkov automatizovaných antiplagiátorských systémov označené za plagiáty (false positive).
		</para>
		<para>
			Medzi 4 základné fázy detekcie plagiarizmu <indexterm><primary>Detegovanie plagiarizmu</primary></indexterm>, ktoré stručne definovali vo svojej práci Lancaster a Culwin <citation>CULWIN2010</citation>, zaraďujeme:
			<orderedlist>
				<listitem><xref linkend="sZbieranieDat"/></listitem>
				<listitem><xref linkend="sAnalyzaDat"/></listitem>
				<listitem><xref linkend="sKontrolaVysledkov"/></listitem>		
				<listitem><xref linkend="sPresetrenie"/></listitem>					
			</orderedlist>
			<figure><title>Diagram procesu detekcie plagiarizmu (vytvorené podľa [10])</title>
				<mediaobject>
					<imageobject>
						<imagedata fileref="figures/fig0.png"/>
					</imageobject>
				</mediaobject>
			</figure>
		</para>
		<sect1 id="sZbieranieDat" xreflabel="Zbieranie dát">
			<title>Zbieranie dát</title><indexterm><primary>Proces detekcie plagiarizmu</primary><secondary>Zbieranie dát</secondary></indexterm>
			<para>
				Zber dát je prvým krokom pri detekcii plagiarizmu. Dostatočné veľký dataset, nad ktorým sa testuje podobnosť medzi zdrojovými 
				kódmi zabezpečí, aby pravdepodobnosť odhalenia všetkých plagiátov bola čo najvyššia.  
			</para>
			<para>
				K zberu dát väčšinou dochádza prostredníctvom elektronických systémov na odovzdávanie prác, ale je možné ho uskutočniť aj inými 
				spôsobmi.  
			</para>
		</sect1>
		<sect1 id="sAnalyzaDat" xreflabel="Analýza dát">
			<title>Analýza dát</title><indexterm><primary>Proces detekcie plagiarizmu</primary><secondary>Analýza dát</secondary></indexterm>
			<para>
				V procese analýzy dát sa nad zozbieraným datasetom prostredníctvom systémov na detekciu podobnosti vykoná porovnanie. 
				Výsledkom analýzy dát je potom zoznam prác, u ktorých je podozrenie z plagiátorstva. Podozrenie z plagiátorstva u týchto 
				prác vzniká vtedy, ak je medzi nimi odhalená istá úroveň podobnosti. V závislosti od použitého systému môže byť výsledkom 
				porovnania skupina podobných prác, zoznam plagiátov spolu so zoznamom originálnych prác pre každú prácu, ktoré boli použité 
				pri tvorbe plagiátu, alebo zoznamov linkov na originálne práce.
			</para>
			<gap/>
			<para>
				V našej bakalárskej práci sa venujeme práve tejto fáze kontroly podobnosti pri určovaní plagiarizmu v zdrojových kódoch, kde 
				sú pre vyhodnotenie podobnosti medzi zdrojovými kódmi využívané rôzne prístupy a algoritmy na detekciu týchto podobností 
				(viac v časti 3 Detekcia podobnosti v zdrojových kódoch).
			</para>
		</sect1>
		<sect1 id="sKontrolaVysledkov" xreflabel="Kontrola výsledkov analýzy">
			<title>Kontrola výsledkov</title><indexterm><primary>Proces detekcie plagiarizmu</primary><secondary>Kontrola výsledkov</secondary></indexterm>
			<para>
				Po procese analýzy je potrebná dodatočná kontrola, či v prácach označených za plagiáty naozaj došlo k plagiarizmu. Takúto kontrolu 
				vykonáva odborník na danú oblasť, ktorý dodatočným porovnaním označených prác rozhodne o výsledku porovnania. 
			</para>
		</sect1>
		<sect1 id="sPresetrenie"  xreflabel="Prešetrenie">
			<title>Prešetrenie</title><indexterm><primary>Proces detekcie plagiarizmu</primary><secondary>Prešetrenie</secondary></indexterm>
			<para>
				Poslednou fázou detekcie plagiarizmu je prešetrenie prípadov, kedy sa potvrdilo podozrenie z plagiarizmu. Väčšinou býva na 
				rozhodnutí skupiny odborníkov, či je možné výslednú prácu považovať za plagiát alebo nie.
			</para>
			<gap/>
			<para>
				Výsledok a efektívnosť celého procesu odhalenia plagiarizmu však závisí od použitých systémoch na detekciu podobnosti či už v 
				zdrojových kódoch alebo textoch.
			</para>
		</sect1>
	</chapter>
    <chapter id="chDetekciaPodobnostiVZdrojovychKodoch">
		<title>Detekcia podobnosti v zdrojových kódoch</title><indexterm><primary>Podobnosť zdrojových kódov</primary></indexterm>
		<para>
			Ako sme už spomínali vyššie, odhaľovanie podobnosti v zdrojových kódoch 
			nie je jednoduchá úloha. Úspech odhalenia duplikátov v zdrojových kódoch tak častokrát závisí 
			od použitých metód a prístupov, ktorými sa rozhodneme podobnosť zdrojových kódov určovať. 
			V tejto časti sa tak zaoberáme spôsobmi, ktoré sú najčastejšie využívané pri odhaľovaní 
			podobností v zdrojových kódoch.
        </para>
		
		<sect1 id="sFazaPredspracovaniaZdrojovychKodov">
			<title>Fáza predspracovania zdrojových kódov</title><indexterm><primary>Podobnosť zdrojových kódov</primary><secondary>Predspracovanie</secondary></indexterm>
			<para>
				Pre úspešné porovnanie a vyhľadanie podobností v zdrojových kódoch je veľmi často zaužívané, že sa zdrojové kódy pred 
				samotným porovnávaním predspracujú. Ako uvádza Ján Chlpek vo svojej práci <citation>CHLPEK2010</citation>, v ktorej sa zaoberal vplyvom 
				predspracovania textu na určovanie podobnosti v textoch, „predspracovanie je technika predprípravy textu 
				do formy, v ktorej sú odstránené určité špecifiká a detaily textu“. Za text však môžeme rovnako považovať aj zdrojový 
				kód, ktorý je tiež vyjadrený prostredníctvom textu (strojových inštrukcií zrozumiteľných pre človeka). 
			</para>
			<para>
				Predspracovaním zdrojových kódov tak dokážeme zvýšiť pravdepodobnosť toho, 
				že systém na detekciu podobnosti v zdrojových kódoch dokáže takúto podobnosť odhaliť.
			</para>
			<para>
				Pre predspracovanie sa najčastejšie u textov ale aj u zdrojových kódov využíva proces tokenizácie. Tomuto procesu môže 
				predchádzať odstránenie všetkého zbytočného kódu, ako sú napríklad komentáre, medzery alebo odsadenia. Tokenizácia sa 
				momentálne považuje za najefektívnejšiu techniku predspracovania, po ktorej následne dochádza k vyhľadávaniu najdlhších 
				spoločných podpostupností tokenizovaného kódu <citation>CULWIN2010</citation>, z ktorého je možné určiť výslednú podobnosť zdrojových kódov.
			</para>
			
			<sect2 id="sTokenizacia">
			<title>Tokenizácia</title><indexterm><primary>Podobnosť zdrojových kódov</primary><secondary>Tokenizácia</secondary></indexterm>
			<para>
				Tokenizácia je častokrát súčasťou prvej fázy analýzy dát, ktorou prechádzame pri procese odhaľovania podobnosti zdrojových 
				kódov. Pri procese tokenizácie dochádza k zovšeobecňovaniu zdrojových kódov, pri ktorom sa z pôvodného zdrojového kódu 
				vytvorí všeobecnejšia forma zdrojového kódu - tokenizovaný zdrojový kód <indexterm><primary>Token</primary><secondary>Tokenizovaný zdrojový kód</secondary></indexterm>. Takto tokenizovaný zdrojový kód je potom za 
				pomoci rôznych vyhľadávacích algoritmov prehľadávaný a sú v ňom vyhľadané všetky spoločné podpostupnosti, ktoré reprezentujú 
				odhalené podobnosti v zdrojových kódoch. Proces odhaľovania podobnosti v zdrojových kódoch týmto spôsobom bol prvýkrát predstavený 
				Donaldsnom et al. v <citation>DONALDSON1981</citation>, kde okrem spôsobu využitia tokenizácie identifikovali základné techniky používané pri odhaľovaní 
				plagiátorstva u začínajúcich programátorov.
			</para>
			<gap/>
			<para>
				Ako sme už spomínali vyššie, pri procese tokenizácie sa snažíme každú inštrukciu pôvodného zdrojového kódu nahradiť pre ňu 
				špecifickým symbolom, aby sme jej význam zovšeobecnili. K zovšeobecneniu pôvodného kódu dochádza postupným priradením rovnakého 
				symbolu, tokenu, všetkým inštrukciám, ktoré do danej skupiny patria <citation>FREML2009</citation>. Priebeh tokenizácie sa riadi tokenizačnou tabuľkou, 
				na základe ktorej sa jednotlivé inštrukcie (identifikátory) nahrádzajú tokenmi príslušného typu.
			</para>
			<para>
				Ako príklad sme vytvorili jednoduchú tokenizačnú tabuľku (<xref linkend="tPrikladTokenizacnejTabulky"/>), na základe ktorej je možné 
				vykonať tokenizáciu zdrojového kódu do jeho tokenizovanej podoby.
			</para>
			
			<table xml:id="ex.calstable" frame='all' id="tPrikladTokenizacnejTabulky">
				<title>Príklad tokenizačnej tabuľky</title>
				<tgroup cols='2' colsep='1' rowsep='1'>
					<colspec colname='c1' colwidth="1*" align="center"/>
					<colspec colname='c2' colwidth="1*" align="center"/>

					<thead>
						<row>
							<entry>Skupina identifikátorov</entry>
							<entry>Typ tokenu</entry>
						</row>
					</thead>
					<tbody>
						<row>
							<entry>boolean, int, double, float, char</entry>
							<entry>TYPE</entry>
						</row>	
						<row>
							<entry>{, }</entry>
							<entry>BLOCK</entry>
						</row>
						<row>
							<entry>„definícia/volanie funkcie“</entry>
							<entry>FUNC</entry>
						</row>
						<row>
							<entry>„premenná“</entry>
							<entry>VAR</entry>
						</row>
						<row>
							<entry>+, -, *, /, =</entry>
							<entry>OPER</entry>
						</row>
						<row>
							<entry>return</entry>
							<entry>RET</entry>
						</row>
					</tbody>
				</tgroup>
			</table>
			<para>
				Vykonaním tokenizácie zdrojového kódu sa zabezpečí, že aj kód (alebo jeho časť), ktorý bude síce napísaný prostredníctvom iných identifikátorov 
				(či už ide o zmenu typu premenných alebo zámenu cyklov) ako pôvodný zdrojový kód, bude po procese tokenizácie pri podobných fragmentoch 
				netokenizovaného zdrojového kódu v jeho tokenizovanej podobe identický s pôvodným zdrojovým kódom.
			</para>
			<gap/>
			<para>
				Pre názornú ukážku výsledku tokenizácie uvádzame príklad tokenizácie jednoduchého zdrojového kódu (<xref linkend="iImg1"/>). Tokenizácia 
				tohto zdrojového kódu prebehla podľa tokenizačnej tabuľky <xref linkend="tPrikladTokenizacnejTabulky"/> <indexterm><primary>Tokenizácia</primary><secondary>Tokenizačná tabuľka</secondary></indexterm>(v ľavej časti obrázka sa nachádza 
				netokenizovaný zdrojový kód a v pravej časti jeho tokenizovaná podoba). 
			</para>
			<figure id="iImg1"><title>Príklad výsledku tokenizácie časti zdrojového kódu</title>
				<mediaobject>
					  <imageobject>
							<imagedata fileref="figures/img1.png"/>
					  </imageobject>
				</mediaobject>
			</figure>
			<para>
				Takto tokenizovaný zdrojový kód je ďalej spracovaný v procese porovnávania tokenizovaných zdrojových kódov (viac v časti <xref linkend="sTechnikyPorovnavaniaZdrojovychKodov"/>).
			</para>
			<para>
				Proces tokenizácie závisí od stupňa generalizácie, v akom dochádza k pretváraniu pôvodného zdrojového kódu do jeho tokenizovanej podoby. 
				Generalizáciou sa myslí, v akom rozsahu budú jednotlivé skupiny symbolov zastúpené. V prípade vysokej úrovne generalizácie sa pri tokenizácii 
				môže stať, že programové kódy s odlišnou funkcionalitou, ktoré neboli vytvorené plagiátorom, budú označené za plagiáty – false positive. 
				Rovnako, pri nízkej úrovni generalizácie sa môže stať, že aj mierne pozmenený plagiát nebude možné odhaliť.
			</para>
			<gap/>
			<para>
				Využívanie tokenizácie ako spôsobu predspracovania zdrojových kódov pri určovaní podobnosti má viacero výhod. Mnoho programov, ktoré vieme 
				naprogramovať v jednom jazyku, sa dá samozrejme naprogramovať aj v iných programovacích jazykoch, ktorých syntax je ale rozdielna. Vhodným 
				zadefinovaním tokenizačnej tabuľky pre proces tokenizácie ale vieme takto napísané programy previesť do jednotnej formy, a tak vykonať 
				porovnanie podobnosti programových kódov napísaných v rozdielnych programovacích jazykoch.
			</para>
			<para>
				Pri tokenizácii ale netreba zabúdať na fakt, že výber správneho tokenizačného nástroja výrazne ovplyvní výsledok tokenizácie. Vzhľadom na 
				rozsah a typ niektorých programovacích jazykov je takmer nemožné, aby boli v tokenizačnej tabuľke zahrnuté všetky identifikátory. Výsledok 
				tokenizácie je tak pred ďalším spracovaním potrebné vhodne upraviť (ak tak neurobí tokenizačný program automaticky napríklad vymazaním 
				netokenizovaných častí kódu).
			</para>
			</sect2>
		</sect1>
		<sect1 id="sTechnikyPorovnavaniaZdrojovychKodov">
			<title>Techniky porovnávania zdrojových kódov</title><indexterm><primary>Techniky porovnávania zdrojových kódov</primary></indexterm>
				<para>
					Po procese tokenizácie je potrebné nad vytvorenými sekvenciami tokenizovaných zdrojových kódov porovnávaných programov vykonať porovnanie. 
					Určenie podobnosti tokenizovaných kódov sa vykonáva pomocou rôznych porovnávacích algoritmov, ktoré vo svojej implementácii využívajú 
					známe algoritmy na hľadanie najdlhších spoločných podpostupností, alebo na základe vybraných vlastností porovnávaných zdrojových kódov. 
					Na základe výsledku takéhoto porovnania vieme určiť mieru podobnosti zdrojových kódov.
				</para>
				
			<sect2 id="sUrcovaniePodobnostiZdrojovychKodovVyuzitimMetrik">
				<title>Určovanie podobnosti zdrojových kódov využitím metrík</title><indexterm><primary>Techniky porovnávania zdrojových kódov</primary><secondary>Metriky</secondary></indexterm>
				<para>
					Každý zdrojový kód sa vyznačuje istými vlastnosťami, ktoré odrážajú spôsob, akým bol napísaný, sú v ňom použité rôzne programovacie štýly <indexterm><primary>Vlastnosti kódu</primary><secondary>Programovacie štýly</secondary></indexterm>, 
					vzory <indexterm><primary>Vlastnosti kódu</primary><secondary>Programovacie vzory</secondary></indexterm> a mnohé iné. Vhodne zvoleným spôsobom však vieme takéto vlastnosti sledovať, odmerať a následne porovnať. Pri určovaní podobnosti 
					zdrojových kódov je možné vykonať takéto porovnanie sledovaním charakteristických vlastností programového kódu, akými sú napríklad počet 
					riadkov zdrojového kódu, celkový počet príkazov, počet volaní špecifických funkcií alebo výskyt najfrekventovanejších slov.
				</para>
				<gap/>
				<para>
					Ako sa uvádza v práci <citation>MERLO2007</citation>, typov metrík vhodných pri určovaní základných charakteristík programového kódu je hneď niekoľko. Vhodným 
					príkladom môže byť napríklad určenie počtu volaní zvolených funkcií, počet lokálnych alebo globálnych premenných, počet zátvoriek, cyklov, 
					alebo z tých jednoduchších, počet riadkov programového kódu. 
				</para>
				<gap/>
				<para>
					V písaných textoch sa častokrát využíva metóda, pri ktorej sa pre určenie podobnosti týchto prác porovnáva histogram výskytu počtu slov. 
					Porovnaním počtu slov v jednotlivých prácach, ktoré sa v danom jazyku vyskytujú s najväčšou frekvenciou, alebo naopak počtu slov, ktoré 
					sú v práci zastúpené najmenší počet krát, sa následne určí výsledná podobnosť. Tento prístup je možné uplatniť aj pri detegovaní podobnosti 
					zdrojových kódov vzhľadom na textovú reprezentáciu zdrojových kódov. Pre porovnanie zdrojových kódov by bolo možné vytvoriť histogram z 
					tokenizovaného zdrojového kódu, ktorý by bol následne využitý pri porovnávaní s histrogramami iných tokenizovaných drojových kódov.
				</para>
				<gap/>
				<para>
					Na nasledujúcom príklade je možné vidieť histogramy troch zdrojových kódov, ktoré boli vytvorené na základe výskytov tokenov v jednotlivých 
					zdrojových kódoch (tokeny A až G). Predpokladáme, že všetky zdrojové kódy boli tokenizované rovnakým spôsobom. Jednotlivé stĺpce predstavujú 
					početnosť jednotlivých tokenov v zdrojovom kóde.

					<figure><title>Histogram pre tokenizovaný zdrojový kód X</title>
						<mediaobject>
							  <imageobject>
									<imagedata fileref="figures/img2.png"/>
							  </imageobject>
						</mediaobject>
					</figure>
					<figure><title>Histogram pre tokenizovaný zdrojový kód Y</title>
						<mediaobject>
							  <imageobject>
									<imagedata fileref="figures/img3.png"/>
							  </imageobject>
						</mediaobject>
					</figure>
					<figure><title>Histogram pre tokenizovaný zdrojový kód Z</title>
						<mediaobject>
							  <imageobject>
									<imagedata fileref="figures/img4.png"/>
							  </imageobject>
						</mediaobject>
					</figure>
				</para>
				<para>
					Na základe porovnania vytvorených histogramov zdrojových kódov je možné vidieť, že zdrojové kódy X a Y (16 spoločných tokenov) sú si viac podobné 
					vzhľadom na vyšší počet spoločných tokenov ako zdrojové kódy X a Z (7 spoločných tokenov) alebo Y a Z (7 spoločných tokenov), kde je spoločný počet 
					tokenov pomerne nízky.
				</para>
				<gap/>
				<para>
					Nakoľko nám však porovnanie zdrojových kódov na základe metrík dokáže poskytnúť len približnú presnosť pri určovaní podobnosti zdrojových kódov, 
					využitie tejto techniky nemá samo o sebe veľký význam, no táto technika môže byť využitá v kombinácii s inou technikou pri určovaní podobnosti 
					zdrojových kódov. 
				</para>
			</sect2>
			<sect2 id="sUrcovaniePodobnostiPorovnavanimTokenizovanychZdrojovychKodov">
				<title>Určovanie podobnosti porovnávaním tokenizovaných zdrojových kódov</title><indexterm><primary>Techniky porovnávania zdrojových kódov</primary><secondary>Prorovnávanie tokenizovaného zdrojového kódu</secondary></indexterm>
				<para>
					Ako sme už spomínali vyššie, pri vyhľadávaní podobnosti v sekvencii tokenov je možné využiť viacero známych algoritmov na vyhľadávanie najdlhších 
					spoločných podpostupností medzi dvoma skúmanými časťami kódu. Výber algoritmu tak môže značne ovplyvniť rýchlosť výslednej implementácie programu na 
					detekciu plagiarizmu.
				</para>
				<gap/>
				<para>
					Ako môžeme vidieť v práci <citation>CHARRAS2004</citation>, existuje obrovské množstvo algoritmov, ktoré je možné využiť pre tento účel. Mnoho z týchto algoritmov však pred 
					samotným vyhľadávaním podpostupnosti (vzoru) v postupnosti vyžaduje predspracovanie tohto vzoru. Preto je pri samotnom výbere algoritmu potrebné 
					brať do úvahy jeho celkovú časovú a pamäťovú náročnosť.
				</para>
				<gap/>
				<para>
					Medzi známe algoritmy vyhľadávania podpostupnosti v postupnosti patria <citation>SEDGEWICK1997</citation><citation>SUTHERS2014</citation>:
					<itemizedlist mark='opencircle'>
						<listitem>
						<para><emphasis role="bold">Brute Force</emphasis></para>
						</listitem>
						<listitem>
						<para><emphasis role="bold">Rabin-Karp</emphasis></para>
						</listitem>
						<listitem>
						<para><emphasis role="bold">Knuth-Morris-Pratt</emphasis></para>
						</listitem>					
					</itemizedlist>
				</para>
				<para>
					V každom z týchto algoritmov ide v princípe o určenie posunu, ktorý je potrebné s hľadanou podpostupnosťou vykonať, aby sme v prehľadávanej postupnosti 
					narazili na zhodu v plnom rozsahu s vyhľadávaným vzorom.
					<figure><title>Príklad vyhľadania podpostupnosti (vzoru) v postupnosti</title>
						<mediaobject>
							  <imageobject>
									<imagedata fileref="figures/img5.png"/>
							  </imageobject>
						</mediaobject>
					</figure>
				</para>
				<para>
					Každý z uvedených algoritmov má rozdielnu časovú náročnosť. Pre zhrnutie časovej náročnosti jednotlivých algoritmov uvádzame nasledujúcu tabuľku (<xref linkend="tTabulkaCasovychNarocnostiPorovnavacichAlgoritmov"/>):
				</para>
				<table frame='all' id="tTabulkaCasovychNarocnostiPorovnavacichAlgoritmov">
					<title>Tabuľka časových náročností porovnávacích algoritmov</title>
					<tgroup cols='3' colsep='1' rowsep='1'>
						<colspec colname='c1' colwidth="2*" align="left"/>
						<colspec colname='c2' colwidth="3*" align="center"/>
						<colspec colname='c2' colwidth="3*" align="center"/>
						<thead>
							<row>
								<entry>Algoritmus</entry>
								<entry>Čas. náročnosť predspracovania</entry>
								<entry>Čas. náročnosť porovnávania</entry>
							</row>
						</thead>
						<tbody>
							<row>
								<entry>Brute Force</entry>
								<entry>-</entry>
								<entry>O((n – m + 1) m)</entry>
							</row>	
							<row>
								<entry>Rabin-Karp</entry>
								<entry>O(m)</entry>
								<entry>O((n – m + 1) m)</entry>
							</row>
							<row>
								<entry>Knuth-Morris-Pratt</entry>
								<entry>O(m)</entry>
								<entry>O(n)</entry>
							</row>
						</tbody>
					</tgroup>
				</table>
				<citetitle>* n – dĺžka postupnosti, m – dĺžka podpostupnosti</citetitle>
				</sect2>
				
				<sect3 id="sBruteForce"><indexterm><primary>Porovnávacie algoritmy</primary><secondary>Brute Force</secondary></indexterm>
					<title>Brute Force</title>
					<para>
						Charakteristika algoritmu <citation>CHARRAS2004</citation>:
						<itemizedlist mark='circle'>
							<listitem>vyhľadávanie prebieha bez potreby predspracovania vzoru;</listitem>
							<listitem>vyhľadávanie s konštantnou pamäťovou náročnosťou;</listitem>
							<listitem>posun porovnávacieho okna vždy o 1 pozíciu vpravo;</listitem>
							<listitem>porovnanie je možné vykonať v ľubovoľnom poradí.</listitem>
						</itemizedlist>
					</para>
					<para>
						Nakoľko ide o najjednoduchší algoritmus, algoritmus Brute Force pozostáva z overovania, či sa hľadaný vzor začína alebo 
						nezačína na danej pozícii pre každú z pozícií v postupnosti medzi 0 a n-m (m – dĺžka podpostupnosti, n – dĺžka postupnosti) 
						<citation>CHARRAS1997</citation>. Takýmto spôsobom dôjde k porovnaniu a overeniu každého možného výskytu vzoru v postupnosti zľava doprava.
						<figure><title>Pseudokód Brute Force algoritmu podľa <citation>CHARRAS2004</citation></title>
							<mediaobject>
								  <imageobject>
										<imagedata fileref="figures/code1.png"/>
								  </imageobject>
							</mediaobject>
						</figure>
						</para>
						<para>Príklad vyhľadávania vzoru V = aab v reťazci T = acaabc:
						<figure><title>Príklad na vyhľadávanie pomocou Brute Force algoritmu prebraný z <citation>SUTHERS2014</citation></title>
							<mediaobject>
								  <imageobject>
										<imagedata fileref="figures/fig1.png"/>
								  </imageobject>
							</mediaobject>
						</figure>
					</para>
					<para>
						Tento algoritmus je vzhľadom na spôsob vyhľadávania podpostupnosti v postupnosti neefektívny a reálne sa pri systémoch, ktorých 
						efektivita je kľúčovou vlastnosťou, nevyužíva. Napriek tomu ho však uvádzame nakoľko ide o základný spôsob vyhľadávania vzoru 
						v postupnosti a môžeme ho považovať za algoritmus, ktorého zefektívnením vznikli mnohé ďalšie porovnávacie algoritmy.
					</para>
				</sect3>
				<sect3 id="sRabinKarp"><indexterm><primary>Porovnávacie algoritmy</primary><secondary>Rabin-Karp</secondary></indexterm>
					<title>Rabin-Karp</title>
					<para>
						Charakteristika algoritmu <citation>CHARRAS2004</citation>:
						<itemizedlist mark='circle'>
							<listitem>využívanie hashovacej funkcie pri vyhľadávaní;</listitem>
							<listitem>fáza predspracovania vzoru má O(m) časovú a konšt. pamäťovú náročnosť;</listitem>
							<listitem>fáza porovnávania postupností má O(m*n) časovú náročnosť.</listitem>
						</itemizedlist>
					</para>
					<para>
						Rabin-Karpov algoritmus je algoritmom, ktorý sa bežne využíva pri vyhľadávaní podreťazca v reťazci. Tento algoritmus je postavený 
						na výpočte hash hodnoty vyhľadávaného podreťazca, pričom počas procesu vyhľadávania sa táto hash hodnota porovnáva s hash hodnotou 
						časti reťazca, v ktorom podreťazec vyhľadávame. V prípade, že sa hash hodnota podreťazca a hash hodnota časti prehľadávaného reťazca 
						zhodujú, pristúpi sa k porovnaniu konkrétnych reťazcov. 
					</para>
					<para>
						Nakoľko sa výpočet hash hodnoty aktuálnej časti reťazca, s ktorým porovnávame hľadaný podreťazec, dá vypočítať veľmi jednoducho 
						s konštantnou časovou náročnosťou, tento algoritmus je pomerne efektívny.
						<figure><title>Pseudokód Rabin-Karp algoritmu podľa <citation>CHARRAS2004</citation></title>
							<mediaobject>
								  <imageobject>
										<imagedata fileref="figures/code2.png"/>
								  </imageobject>
							</mediaobject>
						</figure>
					</para>
					<para>Výpočet hashovacej hodnoty v časti postupnosti ilustruje nasledujúci príklad <citation>SUTHERS2014</citation>:
						<figure><title>Ukážka výpočtu hash hodnoty v Rabin-Karp algoritme</title>
							<mediaobject>
								  <imageobject>
										<imagedata fileref="figures/fig2.png"/>
								  </imageobject>
							</mediaobject>
						</figure>
					</para>
					<para>
						Pre vyhľadávanie vzoru 31415 s hash hodnotou 7 v postupnosti čísel uvádzame nasledujúci príklad <citation>SUTHERS2014</citation>, v ktorom aj napriek rovnakej 
						hash hodnote hľadaného vzoru a časti postupnosti algoritmus deteguje falošnú zhodu vykonaním Brute Force porovnania možnej zhody a takúto 
						zhodu ignoruje:
						<figure><title>Ukážka vyhľadávania vzoru 31415 v reťazci čísel pre Rabin-Karp algoritmus</title>
						<mediaobject>
							  <imageobject>
									<imagedata fileref="figures/fig3.png"/>
							  </imageobject>
						</mediaobject>
					</figure>
					</para>
				</sect3>
				<sect3 id="sKMP"><indexterm><primary>Porovnávacie algoritmy</primary><secondary>Knuth-MorrisPratt</secondary></indexterm>
					<title>Knuth-Morris-Pratt</title>
					<para>
						Charakteristika algoritmu <citation>CHARRAS2004</citation>:
						<itemizedlist mark='circle'>
							<listitem>vyhľadávanie prebieha zľava doprava;</listitem>
							<listitem>fáza predspracovania vzoru má O(m) časovú a pamäťovú náročnosť;</listitem>
							<listitem>fáza porovnávania postupností má O(m + n) časovú náročnosť.</listitem>
						</itemizedlist>
					</para>
					<para>
						Algoritmus Knuth-Morris-Pratt je založený na výpočte pomocnej tabuľky na základe vzoru, ktorý vyhľadávame. Táto tabuľka je 
						využívaná algoritmom na to, aby sme pri neúspešnom porovnaní niektorého prvku zo vzoru v postupnosti nevyhľadávali tento vzor 
						odznova, ale aby sme zobrali do úvahy tie znaky, ktoré už porovnané boli a pokračovali s doposiaľ najdlhšou možnou časťou 
						nájdeného vzoru. V tabuľke na základe čísla, ktoré nám vyjadruje koľký znak vzoru máme porovnávať s aktuálnym znakom, 
						pokračujeme vo vyhľadávaní aj pri neúspešnej zhode na aktuálnej pozícii.
						<figure><title>Pseudokód Knuth-Morris-Pratt algoritmu podľa <citation>CHARRAS2004</citation></title>
							<mediaobject>
								  <imageobject>
										<imagedata fileref="figures/code3.png"/>
								  </imageobject>
							</mediaobject>
						</figure>
						<figure><title>Pseudokód algoritmu na výpočet prefixu v KMP <citation>CHARRAS2004</citation></title>
							<mediaobject>
								  <imageobject>
										<imagedata fileref="figures/code4.png"/>
								  </imageobject>
							</mediaobject>
						</figure>
					</para>
					<para>
						Ako príklad uvádzame tabuľku s výpočtom prefixu pre vzor ababaca, kde hodnota [i] vyjadruje číslo kroku, na ktorom môžeme 
						pokračovať pri neúspešnej zhode porovnávaného znaku vzoru s aktuálnym znakom v postupnosti <citation>SUTHERS2014</citation>:
					</para>
						<table frame='all' align="center">
						<title>Tabuľka s výpočtom prefixu vzoru ababaca v KMP algoritme</title>
						<tgroup cols='8' colsep='1' rowsep='1'>
							<colspec colname='c1' colwidth="1*" align="center"/>
							<colspec colname='c2' colwidth="1*" align="center"/>
							<colspec colname='c3' colwidth="1*" align="center"/>
							<colspec colname='c4' colwidth="1*" align="center"/>
							<colspec colname='c5' colwidth="1*" align="center"/>
							<colspec colname='c6' colwidth="1*" align="center"/>
							<colspec colname='c7' colwidth="1*" align="center"/>
							<colspec colname='c8' colwidth="1*" align="center"/>
							
							<thead>
								<row>
									<entry>i</entry>
									<entry>1</entry>
									<entry>2</entry>
									<entry>3</entry>
									<entry>4</entry>
									<entry>5</entry>
									<entry>6</entry>
									<entry>7</entry>
								</row>
							</thead>
							<tbody>
								<row>
									<entry><emphasis role="bold">P[i]</emphasis></entry>
									<entry>a</entry>
									<entry>b</entry>
									<entry>a</entry>
									<entry>b</entry>
									<entry>a</entry>
									<entry>c</entry>
									<entry>a</entry>
								</row>	
								<row>
									<entry><emphasis role="bold">pi[i]</emphasis></entry>
									<entry>0</entry>
									<entry>0</entry>
									<entry>1</entry>
									<entry>2</entry>
									<entry>3</entry>
									<entry>0</entry>
									<entry>1</entry>
								</row>
							</tbody>
						</tgroup>
					</table>

					<para>
						Pri porovnávaní a určovaní podobnosti dvoch zdrojových kódov však potrebujeme algoritmus, ktorý okrem vyhľadania podobných častí 
						dokáže určiť aj výslednú podobnosť dvoch zdrojových kódov, u ktorých došlo k vykonaniu drobných zmien. Tieto zmeny  označujeme 
						transpozície, a predstavujú vloženie/vymazanie časti reťazca (zdrojového kódu).
					</para>
					<para>
						Známym a pomerne často využívaným algoritmom pre určenie podobnosti zdrojových kódov je vďaka svojej efektívnosti a spoľahlivosti 
						algoritmus Greedy String Tiling <citation>ARWIN2006</citation>, ktorý sa dokáže vysporiadať s transpozíciou tokenov pri určovaní podobnosti zdrojových kódov.
					</para>
				</sect3>	
				<sect3 id="GST"><indexterm><primary>Porovnávacie algoritmy</primary><secondary>Greedy String Tiling</secondary></indexterm>
					<title>Greedy String Tiling</title>
					<para>
						Dobrým príkladom algoritmu, ktorý dokáže nad tokenizovanými zdrojovými kódmi vykonať porovnanie a následne určiť ich výslednú 
						podobnosť, je algoritmus Greedy String Tiling. 
					</para>
					<para>
						Ako sme už spomínali vyššie, algoritmus Greedy String Tiling (GST) je algoritmus na určovanie podobnosti dvoch reťazcov, v našom prípade 
						postupnosti dvoch tokenizovaných kódov. Fungovanie tohto algoritmu je pomerne zložité, a tak pre vysvetlenie uvádzame jeho pseudokód <citation>WISE1993</citation>:
						<figure>
							<title>Pseudokód algoritmu Greedy String Tiling <citation>WISE1993</citation>
								<footnote>
									<para>
										Operátor + v riadku 11 pridáva zhodu do skupiny zhôd jedine v prípade, že táto zhoda sa nijako neprekrýva so zhodou, ktorá sa 
										už v skupine zhôd nachádza. Zhoda je označená ako match(a, b, j), kde a vyjadruje začiatok zhody v rámci reťazca A, b vyjadruje 
										začiatok zhody v rámci reťazca B a j vyjadruje dĺžku tohto zhodného reťazca.
									</para>
								</footnote>
							</title>
							<mediaobject>
								  <imageobject>
										<imagedata fileref="figures/code5.png"/>
								  </imageobject>
							</mediaobject>
						</figure>
					</para>
					<para>
						Tento algoritmus uvádzame ako príklad, nakoľko sa podobný algoritmus budeme snažiť navrhnúť aj my v tejto práci, no pri tvorbe algoritmu budeme 
						vychádzať z viacerých prístupov pre porovnávanie zdrojových kódov.
					</para>
					<gap/>
					<para>
						<emphasis role="bold">Pre algoritmus GST je charakteristické, že pri vyhľadávaní zhôd v dvoch reťazcoch určí skupinu takých spojitých podpostupností, ktoré majú 
						nasledujúce vlastnosti:</emphasis>
						<orderedlist inheritnum="ignore" continuation="restarts">
						<listitem>každý podreťazec sa nachádza v oboch porovnávaných postupnostiach;</listitem>
						<listitem>každý podreťazec má najväčšiu možnú dĺžku;</listitem>
						<listitem>žiaden z podreťazcov nezahŕňa token, ktorý je už súčasťou iného podreťazca (podreťazce sa neprekrývajú).</listitem>					
					</orderedlist>
					</para>
					<gap/>
					<para>
						Výsledkom tohto algoritmu je skupina zhôd (list of tiles), na základe ktorej sa následne vypočíta výsledná podobnosť porovnávaných zdrojových kódov. 
						Táto podobnosť potom vyjadruje podiel počtu tokenov, ktoré sa nachádzajú v oboch reťazcoch, vzhľadom na celkový počet tokenov jednotlivých reťazcov.
						<mediaobject>
							<imageobject>
								<imagedata fileref="figures/vzorec1.png" scale="70" align="center"/>
							</imageobject>
						</mediaobject>
						<mediaobject>
							<imageobject>
								<imagedata fileref="figures/vzorec2.png" scale="70" align="center"/>
							</imageobject>
						</mediaobject>
					</para>
				</sect3>
			
		</sect1>
	</chapter>
   
	<chapter id="chZaver">
		<title>Záver</title>
		<para>
			V tejto časti bakalárskej práce sme sa zaoberali problematikou detekcie podobnosti 
			zdrojových kódov. V časti analýzy sme sa venovali možnostiam využitia výsledku 
			podobnosti zdrojových kódov pri detekcii plagiarizmu a určovaní znovupoužiteľnosti 
			a kvality programového kódu. Nahliadli sme do procesu detekcie plagiarizmu, ktorým 
			sa vo všeobecnosti riadime pri odhaľovaní plagiarizmu v zdrojových kódoch, a taktiež 
			sme definovali problémovú časť procesu detekcie plagiarizmu. Preskúmali sme 
			existujúce prístupy k detekcii podobnosti v zdrojových kódoch, procesu tokenizácie, 
			ako základnému spôsobu predspracovania zdrojových kódov, a rozobrali sme základné 
			techniky využívané pri určovaní podobnosti tokenizovaných zdrojových kódov. 
		</para>
		<para>
			V rámci analýzy existujúcich riešení sme analyzovali súčasný stav v oblasti detekcie 
			podobnosti v zdrojových kódoch. Preskúmali sme niekoľko dostupných antiplagiátorských 
			systémov, ktoré sme vystavili sade testovacích vstupov, na základe ktorých sme 
			zhodnotili ich úspešnosť pri odhaľovaní podobnosti v zdrojových kódoch.
		</para>
		<para>
			V ďalšej časti tejto bakalárskej práce sa budeme venovať návrhu, implementácii a overeniu 
			správnosti fungovania nášho automatizovaného systému na detekciu podobnosti v zdrojových 
			kódoch. Z analýzy spracovávanej problematiky nám vyplynulo niekoľko hypotéz, ktoré budú 
			taktiež predmetom nášho ďalšieho skúmania.
		</para>
		<para>
			Skúmaním problémovej oblasti sa nám podarilo vytvoriť prehľad o spracovávanej 
			problematike, ktorý využijeme pri práci v ďalšom semestri. 
		</para>
	</chapter>
	
    <bibliography>
		<bibliomixed>
			<abbrev>FREML2009</abbrev>
			FREML, M. et al.:
			<title>Podpora kontroly plagiarizmu</title>
			. Bratislava: FIIT STU, 2009. 93 s. Tímový projekt.
		</bibliomixed>
		<bibliomixed>
			<abbrev>CULWIN2010</abbrev>
			CULWIN, F., LANCASTER, T.:
			<title>Plagiarism issues for higher education</title>
			. In: VINE Journal of Information and Knowledge Management Systems, 2001. s. 36-41.
		</bibliomixed>
		<bibliomixed>
			<abbrev>CHLPEK2010</abbrev>
			CHLPEK, J.:
			<title>Vplyv predspracovania textu na určovanie podobnosti v textoch</title>
			. Bratislava: FIIT STU, 2010. 62 s. Bakalárska práca.
		</bibliomixed>
		<bibliomixed>
			<abbrev>CULWIN2010</abbrev>
			CULWIN, F., LNACASTER, T.:
			<title>A Comparison of Source Code Plagiarism Detection Engines</title>
			. In: Computer Science Education, vol. 14, 2010. s. 101-112.
		</bibliomixed>
		<bibliomixed>
			<abbrev>DONALDSON1981</abbrev>
			DONALDSON, J., LANCASTER, A. SPOSATO, P.:
			<title>A plagiarism detection system</title>
			. In: ACM SIGCSE Bulletin - Proceedings of the 12th SIGCSE symposium on Computer science education, vol. 13, 1981. s. 21-25.
		</bibliomixed>
		<bibliomixed>
			<abbrev>MERLO2007</abbrev>
			MERLO, E.
			<title>Detection of Plagiarism in University Projects Using Metrics-based Spectral Similarity</title>
			. Québec: EPM DGI, 2007. 10 s.
		</bibliomixed>
		<bibliomixed>
			<abbrev>CHARRAS2004</abbrev>
			CHARRAS, CH., LECROQ, T.:
			<title>Handbook of Exact String-Matching Algorithms</title>
			. King's College Publications, 2004. 211 s. ISBN 0-95-430064-5.
		</bibliomixed>
		<bibliomixed>
			<abbrev>SEDGEWICK1997</abbrev>
			SEDGEWICK, R.:
			<title>Algorithms in C</title>
			, 3. vyd. Addison-Wesley Professional, 1997. 706 s. ISBN 0-20-131452-5.
		</bibliomixed>
		<bibliomixed>
			<abbrev>SUTHERS2014</abbrev>
			SUTHERS, D.
			<title></title>
			 2014. String Matching. Dostupné online: 8.11.2016. http://philipmjohnson.org/ics311s14/morea/230.string-matching/reading-notes.html.
		</bibliomixed>
		<bibliomixed>
			<abbrev>CHARRAS1997</abbrev>
			CHARRAS, CH., LECROQ, T.
			<title></title>
			 1997. Exact String Matching Algorithms. Dostupné online: 12.11.2016. http://www-igm.univ-mlv.fr/~lecroq/string/index.html.
		</bibliomixed>
		<bibliomixed>
			<abbrev>ARWIN2006</abbrev>
			ARWIN, CH., TAHAGHOGHI, S.:
			<title>Plagiarism detection across programming languages</title>
			. In: ACSC '06 Proceedings of the 29th Australasian Computer Science Conference, vol. 48, 2006. s. 277-286.
		</bibliomixed>
		<bibliomixed>
			<abbrev>WISE1993</abbrev>
			WISE, M.:
			<title>String similarity via greedy string tiling and running Karp-Rabin matching</title>
			. Dept. of CS, University of Sydney. December 1993.
			<bibliomisc>
				Dostupné online:
				<ulink url="ftp://ftp.cs.su.oz.au/michaelw/doc/RKR GST.ps" />
			</bibliomisc>
		</bibliomixed>
	</bibliography>
	
	<index/>

   <appendix>
		<title>Plán práce v ďalšom semestri</title>
		<para>
			Táto príloha obsahuje predbežné zhrnutie plánu práce, podľa ktorého budeme 
			postupovať pri práci na našej bakalárskej práci v nasledujúcom semestri akademického 
			roka 2016/2017.
		</para>
		<para>
			Ako sme už spomínali v časti 5.1 Ciele práce, výsledkom našej bakalárskej práce bude 
			vytvorenie automatizovaného systému na detekciu plagiarizmu a podobnosti v zdrojových 
			kódoch. Tvorbu tohto programu sme rozdelili do viacerých fáz. Poslednou časťou nášho 
			výskumu bude overenie vytvoreného návrhu a vykonanie experimentov na vhodnom datasete, 
			spolu s overením a zhodnotením vyslovených hypotéz.
		</para>
		<para>
			Rozpis jednotlivých naplánovaných úloh rozdelených do jednotlivých týždňov semestra je uvedený v nasledujúcej tabuľke.
		</para>
		<table frame='all'>
			<title>Plán rozdelenia práce v ďalšom semestri</title>
			<tgroup cols='2' colsep='1' rowsep='1'>
				<colspec colname='c1' colwidth="2*" align="center"/>
				<colspec colname='c2' colwidth="5*" align="left"/>

				<thead>
					<row>
						<entry>Týždeň semestra</entry>
						<entry>Naplánované úlohy</entry>
					</row>
				</thead>
				<tbody>
					<row>
						<entry>1.</entry>
						<entry>Zapracovanie pripomienok a návrhov vedúceho práce, špecifikácia požiadaviek vytváraného systému na detekciu plagiarizmu a podobnosti v zdrojových kódoch</entry>
					</row>	
					<row>
						<entry>2.</entry>
						<entry>Implementácia prototypu (evolučný prototyp)</entry>
					</row>
					<row>
					    <entry>3.</entry>
					    <entry>Výber vhodného nástroja na tokenizáciu zdrojových kódov, jeho implementácia a testovanie, doplnenie prototypu</entry>
					</row>
					<row>
					    <entry>4.</entry>
					    <entry>Návrh a implementácia porovnávania zdrojových kódov na základe metrík, doplnenie prototypu </entry>
					</row>
					<row>
					    <entry>5.</entry>
					    <entry>Návrh a implementácia vhodného porovnávacieho algoritmu, doplnenie prototypu</entry>
					</row>
					<row>
					    <entry>6.</entry>
					    <entry>Prezentovanie dosiahnutých výsledkov a zapracovanie pripomienok</entry>
					</row>
					<row>
					    <entry>7.</entry>
					    <entry>Oboznamovanie sa so získaným datasetom, príprava testovaní, vykonanie experimentov</entry>
					</row>
					<row>
					    <entry>8.</entry>
					    <entry>Overovanie o hodnotenie hypotéz, písanie bakalárskej práce a zhodnotenie dosiahnutých výsledkov</entry>
					</row>
					<row>
					    <entry>9.</entry>
					    <entry>Finalizácia bakalárskej práce</entry>
					</row>
					<row>
					    <entry>10.</entry>
					    <entry>Prezentovanie bakalárskej práce, zapracovanie pripomienok finalizácia a odovzdanie bakalárskej práce</entry>
					</row>
				</tbody>
			</tgroup>
		</table>
   </appendix>
</book>
