<?xml version="1.0" encoding="utf-8"?>
<?xml-stylesheet type="text/xsl" href="presentationTransform.xsl"?>

<presentation
  xmlns:xsi="http://www.w3.org/2001/XMLSchema-instance"
  xsi:noNamespaceSchemaLocation="presentationScheme.xsd"
  backgroundColor="rgb(56, 68, 110)">

  <presentationInfo>
    <title>Ako vytvoriť HTML prezentáciu</title>
    <author>
      <firstname>Stanislav</firstname>
      <surname>Vnenčák</surname>
    </author>
    <place>Fakulta informatiky a informačných technológií, STU Bratislava</place>
    <date>Máj 2017</date>
  </presentationInfo>

  <slide slideTemplate="text" showPageNumber="false">
    <title>O čom je táto prezentácia</title>
    <subtitle>Prečo, načo, ako...?</subtitle>
    <text>V tejto prezentácii si ukážeme, ako je možné pomocou zadefinovaného xml dikumentu z neho vygenerovať prezentáciu.<href>FIIT</href></text>
    <text>Uvedieme si nasledujúce kroky:</text>
    <list ordered="true">
      <item>Definícia xml</item>
      <item>Preklad</item>
      <item>Zobrazenie</item>
    </list>
    <text>Všimnite si, že tento slide nemá uvedené čislo strany (ale zarátava sa).</text>
  </slide>

  <toc>
    <title>Obsah</title>
  </toc>

  <slide slideTemplate="textImage" showPageNumber="true">
    <title>Snímok obrázku a textu</title>
    <subtitle>Podnadpis (voliteľný)</subtitle>
    <text>
      Tento slide je určený na zobrazenie textov a zoznamov s obrázkom.
    </text>
    <text fontSize="22">
      Dávajte si pozor na zlé referencie zdrojov <citation>JANKUBU</citation> a prelikov na iné slidy <pref>STU</pref>.
    </text>
    <image style="width:280px; height=200px">
      <title>Obrázok</title>
      <href>https://images2.alphacoders.com/438/438454.jpg</href>
    </image>
  </slide>

  <slide slideTemplate="text" showPageNumber="true">
    <title>Správne uvádzanie referencií</title>
    <subtitle>Ako to robiť správne...</subtitle>
    <text fontSize="20">
      Správny link na referenciu <citation>JANKUB</citation> a prelink na slide diskusie <pref>ST</pref>.
    </text>
  </slide>

  <slide slideTemplate="textImage" showPageNumber="true">
    <title>Text, zoznamy a obrázok</title>
    <subtitle>Všetko spolu na jednom slide...</subtitle>
    <text fontSize="14">
      Ukážka typov zoznamov:
    </text>
    <list>
      <item>Default 1</item>
      <item>Default 2</item>
    </list>
    <list ordered="true" fontSize="20">
      <item>Ordered 1</item>
      <item>Ordered 2</item>
    </list>
    <list ordered="false">
      <item>Non ordered 1</item>
      <item>Non ordered 2</item>
    </list>
    <image style="width:320px; height=220px">
      <title>Obrázok</title>
      <href>https://images2.alphacoders.com/438/438454.jpg</href>
    </image>
  </slide>

  <toc>
    <title>Už sme skoro na konci...</title>
  </toc>

  <slide slideTemplate="image">
    <title>Snímka obrázku v celej šírke</title>
    <subtitle>Na tomto slide sa nachádza iba obrázok v celej šírke...</subtitle>
    <image style="width:370px; height:245px; position:left">
      <title>Obrázok</title>
      <href>https://images2.alphacoders.com/438/438454.jpg</href>
    </image>
  </slide>

  <slide slideTemplate="textImage" showPageNumber="true" id="ST">
    <title>Diskusia na záver</title>
    <subtitle>Nikto učený z neba nespadol...</subtitle>
    <text fontSize="20">Preberané témy:</text>
    <list fontSize="20">
      <item>Úvod</item>
      <item>A ďalej skoro nič... ;)</item>
    </list>
    <image style="width:250px; height:250px">
      <href>https://cdn.pixabay.com/photo/2016/10/18/18/19/question-mark-1750942_960_720.png</href>
    </image>
  </slide>

  <bibliography>
    <title>Literatúra</title>

    <source>
      <mixed>WPUB, FIIT STU Bratislava</mixed>
      <href>https://www.fiit.stuba.sk</href>
      <abbrew>FIIT</abbrew>
    </source>
    <source>
      <mixed>Google</mixed>
      <href>https://www.google.com</href>
      <abbrew>GGL</abbrew>
    </source>
    <source>
      <mixed>Janka a Kubko. Vydavateľstvo: Martinus. 2006. ISBN 87989-424-89865</mixed>
      <href>https://www.jankakubko.sk</href>
      <abbrew>JANKUB</abbrew>
    </source>
  </bibliography>

</presentation>
