<?xml version="1.0" encoding="utf-8"?>
<?xml-stylesheet type="text/xsl" href="presentationTransform.xsl"?>

<!-- PRESENTATION BACKGROUND DEFAULT COLOR: GRAY -->
<presentation
  xmlns:xsi="http://www.w3.org/2001/XMLSchema-instance"
  xsi:noNamespaceSchemaLocation="presentationScheme.xsd"
  backgroundColor="rgb(56, 68, 110)">

  <presentationInfo>
    <title>Využitie XSLT transformácie pre tvorbu HTML prezentácie</title>
    <author>
      <firstname>Stanislav</firstname>
      <surname>Vnenčák</surname>
    </author>
    <place>Fakulta informatiky a informačných technológií, STU Bratislava</place>
    <date>Máj 2017</date>
  </presentationInfo>

  <slide slideTemplate="text" showPageNumber="true">
    <title>Zadanie</title>
    <subtitle>O čo v skutočnosti ide...</subtitle>
    <text>Vytvorenie HTML prezentácie z XML dokumentu zvalidovaného pomocou XSD za pomoci XSLT transformácie <href>https://www.jankakubko.sk</href>.</text>
  </slide>

  <toc>
    <title>Obsah</title>
  </toc>

  <slide slideTemplate="textImage" showPageNumber="true">
    <title>Snímok obrázku a textu</title>
    <subtitle>Podnadpis</subtitle>
    <text fontSize="30">
      Citácia na Janku a Kubku (neexistuje) <citation>JANKUBU</citation> a prelink na slide diskusie so zlym id <pref>STU</pref>.
    </text>
    <text>
      Text2...
    </text>
    <image style="width:280px; height=200px">
      <title>Obrázok</title>
      <href>https://images2.alphacoders.com/438/438454.jpg</href>
    </image>
  </slide>

  <slide slideTemplate="textImage" showPageNumber="true">
    <title>Snímok obrázku a textu</title>
    <subtitle>Podnadpis</subtitle>
    <text fontSize="30">
      Citácia na Janku a Kubka <citation>JANKUB</citation> a prelink na slide diskusie <pref>ST</pref>.
    </text>
    <list>
      <item>Item 1</item>
      <item>Item 2</item>
    </list>
    <list ordered="true" fontSize="20">
      <item>Item 1</item>
      <item>Item 2</item>
    </list>
    <list ordered="false">
      <item>Item 1</item>
      <item>Item 2</item>
    </list>
    <text>
      Text2...
    </text>
    <image style="width:320px; height=220px">
      <title>Obrázok</title>
      <href>https://images2.alphacoders.com/438/438454.jpg</href>
    </image>
  </slide>

  <toc>
    <title>Už sme skoro na konci...</title>
  </toc>

  <slide slideTemplate="image">
    <title>Snímok obrázku</title>
    <subtitle>Podnadpis</subtitle>
    <image style="width:370px; height:245px; position:left">
      <title>Obrázok</title>
      <href>https://images2.alphacoders.com/438/438454.jpg</href>
    </image>
  </slide>

  <slide slideTemplate="textImage" showPageNumber="true" id="ST">
    <title>Diskusia</title>
    <subtitle>Nikto učený z neba nespadol...</subtitle>
    <text fontSize="20">Preberané témy:</text>
    <list fontSize="20">
      <item>Úvod</item>
      <item>A ďalej nič...</item>
    </list>
    <image style="width:250px; height:250px">
      <href>https://cdn.pixabay.com/photo/2016/10/18/18/19/question-mark-1750942_960_720.png</href>
    </image>
  </slide>

  <bibliography>
    <title>Literatúra</title>

    <source>
      <mixed>zdroj1</mixed>
      <abbrew>ZDROJ1</abbrew>
    </source>
    <source>
      <mixed>zdroj2</mixed>
      <href>https://www.google.com</href>
      <abbrew>ZDR2</abbrew>
    </source>
    <source>
      <mixed>Janka a Kubko. Vydavateľstvo: Martinus. 2006. ISBN 87989-424-89865</mixed>
      <href>https://www.jankakubko.sk</href>
      <abbrew>JANKUB</abbrew>
    </source>
  </bibliography>

</presentation>
